Location,Name,Frequency,Duplex,Offset,Tone,rToneFreq,cToneFreq,DtcsCode,DtcsPolarity,Mode,TStep,Skip,Comment
0,PMR 1,446.006250,,0.000000,,88.5,88.5,023,NN,NFM,12.50,,PMR-446 ch1 (license-free <=0.5W)
1,PMR 2,446.018750,,0.000000,,88.5,88.5,023,NN,NFM,12.50,,PMR-446 ch2 (license-free <=0.5W)
2,PMR 3,446.031250,,0.000000,,88.5,88.5,023,NN,NFM,12.50,,PMR-446 ch3 (license-free <=0.5W)
3,PMR 4,446.043750,,0.000000,,88.5,88.5,023,NN,NFM,12.50,,PMR-446 ch4 (license-free <=0.5W)
4,PMR 5,446.056250,,0.000000,,88.5,88.5,023,NN,NFM,12.50,,PMR-446 ch5 (license-free <=0.5W)
5,PMR 6,446.068750,,0.000000,,88.5,88.5,023,NN,NFM,12.50,,PMR-446 ch6 (license-free <=0.5W)
6,PMR 7,446.081250,,0.000000,,88.5,88.5,023,NN,NFM,12.50,,PMR-446 ch7 (license-free <=0.5W)
7,PMR 8,446.093750,,0.000000,,88.5,88.5,023,NN,NFM,12.50,,PMR-446 ch8 (license-free <=0.5W)
8,PMR 9,446.106250,,0.000000,,88.5,88.5,023,NN,NFM,12.50,,PMR-446 ch9 (license-free <=0.5W)
9,PMR 10,446.118750,,0.000000,,88.5,88.5,023,NN,NFM,12.50,,PMR-446 ch10 (license-free <=0.5W)
10,PMR 11,446.131250,,0.000000,,88.5,88.5,023,NN,NFM,12.50,,PMR-446 ch11 (license-free <=0.5W)
11,PMR 12,446.143750,,0.000000,,88.5,88.5,023,NN,NFM,12.50,,PMR-446 ch12 (license-free <=0.5W)
12,PMR 13,446.156250,,0.000000,,88.5,88.5,023,NN,NFM,12.50,,PMR-446 ch13 (license-free <=0.5W)
13,PMR 14,446.168750,,0.000000,,88.5,88.5,023,NN,NFM,12.50,,PMR-446 ch14 (license-free <=0.5W)
14,PMR 15,446.181250,,0.000000,,88.5,88.5,023,NN,NFM,12.50,,PMR-446 ch15 (license-free <=0.5W)
15,PMR 16,446.193750,,0.000000,,88.5,88.5,023,NN,NFM,12.50,,PMR-446 ch16 (license-free <=0.5W)
16,LPD 1,433.075000,,0.000000,,88.5,88.5,023,NN,NFM,25.00,,LPD-433 ch1 (license-free <=10mW)
17,LPD 2,433.100000,,0.000000,,88.5,88.5,023,NN,NFM,25.00,,LPD-433 ch2 (license-free <=10mW)
18,LPD 3,433.125000,,0.000000,,88.5,88.5,023,NN,NFM,25.00,,LPD-433 ch3 (license-free <=10mW)
19,LPD 4,433.150000,,0.000000,,88.5,88.5,023,NN,NFM,25.00,,LPD-433 ch4 (license-free <=10mW)
20,LPD 5,433.175000,,0.000000,,88.5,88.5,023,NN,NFM,25.00,,LPD-433 ch5 (license-free <=10mW)
21,LPD 6,433.200000,,0.000000,,88.5,88.5,023,NN,NFM,25.00,,LPD-433 ch6 (license-free <=10mW)
22,LPD 7,433.225000,,0.000000,,88.5,88.5,023,NN,NFM,25.00,,LPD-433 ch7 (license-free <=10mW)
23,LPD 8,433.250000,,0.000000,,88.5,88.5,023,NN,NFM,25.00,,LPD-433 ch8 (license-free <=10mW)
24,LPD 9,433.275000,,0.000000,,88.5,88.5,023,NN,NFM,25.00,,LPD-433 ch9 (license-free <=10mW)
25,LPD 10,433.300000,,0.000000,,88.5,88.5,023,NN,NFM,25.00,,LPD-433 ch10 (license-free <=10mW)
26,LPD 11,433.325000,,0.000000,,88.5,88.5,023,NN,NFM,25.00,,LPD-433 ch11 (license-free <=10mW)
27,LPD 12,433.350000,,0.000000,,88.5,88.5,023,NN,NFM,25.00,,LPD-433 ch12 (license-free <=10mW)
28,LPD 13,433.375000,,0.000000,,88.5,88.5,023,NN,NFM,25.00,,LPD-433 ch13 (license-free <=10mW)
29,LPD 14,433.400000,,0.000000,,88.5,88.5,023,NN,NFM,25.00,,LPD-433 ch14 (license-free <=10mW)
30,LPD 15,433.425000,,0.000000,,88.5,88.5,023,NN,NFM,25.00,,LPD-433 ch15 (license-free <=10mW)
31,LPD 16,433.450000,,0.000000,,88.5,88.5,023,NN,NFM,25.00,,LPD-433 ch16 (license-free <=10mW)
32,LPD 17,433.475000,,0.000000,,88.5,88.5,023,NN,NFM,25.00,,LPD-433 ch17 (license-free <=10mW)
33,LPD 18,433.500000,,0.000000,,88.5,88.5,023,NN,NFM,25.00,,LPD-433 ch18 (license-free <=10mW)
34,LPD 19,433.525000,,0.000000,,88.5,88.5,023,NN,NFM,25.00,,LPD-433 ch19 (license-free <=10mW)
35,LPD 20,433.550000,,0.000000,,88.5,88.5,023,NN,NFM,25.00,,LPD-433 ch20 (license-free <=10mW)
36,LPD 21,433.575000,,0.000000,,88.5,88.5,023,NN,NFM,25.00,,LPD-433 ch21 (license-free <=10mW)
37,LPD 22,433.600000,,0.000000,,88.5,88.5,023,NN,NFM,25.00,,LPD-433 ch22 (license-free <=10mW)
38,LPD 23,433.625000,,0.000000,,88.5,88.5,023,NN,NFM,25.00,,LPD-433 ch23 (license-free <=10mW)
39,LPD 24,433.650000,,0.000000,,88.5,88.5,023,NN,NFM,25.00,,LPD-433 ch24 (license-free <=10mW)
40,LPD 25,433.675000,,0.000000,,88.5,88.5,023,NN,NFM,25.00,,LPD-433 ch25 (license-free <=10mW)
41,LPD 26,433.700000,,0.000000,,88.5,88.5,023,NN,NFM,25.00,,LPD-433 ch26 (license-free <=10mW)
42,LPD 27,433.725000,,0.000000,,88.5,88.5,023,NN,NFM,25.00,,LPD-433 ch27 (license-free <=10mW)
43,LPD 28,433.750000,,0.000000,,88.5,88.5,023,NN,NFM,25.00,,LPD-433 ch28 (license-free <=10mW)
44,LPD 29,433.775000,,0.000000,,88.5,88.5,023,NN,NFM,25.00,,LPD-433 ch29 (license-free <=10mW)
45,LPD 30,433.800000,,0.000000,,88.5,88.5,023,NN,NFM,25.00,,LPD-433 ch30 (license-free <=10mW)
46,LPD 31,433.825000,,0.000000,,88.5,88.5,023,NN,NFM,25.00,,LPD-433 ch31 (license-free <=10mW)
47,LPD 32,433.850000,,0.000000,,88.5,88.5,023,NN,NFM,25.00,,LPD-433 ch32 (license-free <=10mW)
48,LPD 33,433.875000,,0.000000,,88.5,88.5,023,NN,NFM,25.00,,LPD-433 ch33 (license-free <=10mW)
49,LPD 34,433.900000,,0.000000,,88.5,88.5,023,NN,NFM,25.00,,LPD-433 ch34 (license-free <=10mW)
50,LPD 35,433.925000,,0.000000,,88.5,88.5,023,NN,NFM,25.00,,LPD-433 ch35 (license-free <=10mW)
51,LPD 36,433.950000,,0.000000,,88.5,88.5,023,NN,NFM,25.00,,LPD-433 ch36 (license-free <=10mW)
52,LPD 37,433.975000,,0.000000,,88.5,88.5,023,NN,NFM,25.00,,LPD-433 ch37 (license-free <=10mW)
53,LPD 38,434.000000,,0.000000,,88.5,88.5,023,NN,NFM,25.00,,LPD-433 ch38 (license-free <=10mW)
54,LPD 39,434.025000,,0.000000,,88.5,88.5,023,NN,NFM,25.00,,LPD-433 ch39 (license-free <=10mW)
55,LPD 40,434.050000,,0.000000,,88.5,88.5,023,NN,NFM,25.00,,LPD-433 ch40 (license-free <=10mW)
56,LPD 41,434.075000,,0.000000,,88.5,88.5,023,NN,NFM,25.00,,LPD-433 ch41 (license-free <=10mW)
57,LPD 42,434.100000,,0.000000,,88.5,88.5,023,NN,NFM,25.00,,LPD-433 ch42 (license-free <=10mW)
58,LPD 43,434.125000,,0.000000,,88.5,88.5,023,NN,NFM,25.00,,LPD-433 ch43 (license-free <=10mW)
59,LPD 44,434.150000,,0.000000,,88.5,88.5,023,NN,NFM,25.00,,LPD-433 ch44 (license-free <=10mW)
60,LPD 45,434.175000,,0.000000,,88.5,88.5,023,NN,NFM,25.00,,LPD-433 ch45 (license-free <=10mW)
61,LPD 46,434.200000,,0.000000,,88.5,88.5,023,NN,NFM,25.00,,LPD-433 ch46 (license-free <=10mW)
62,LPD 47,434.225000,,0.000000,,88.5,88.5,023,NN,NFM,25.00,,LPD-433 ch47 (license-free <=10mW)
63,LPD 48,434.250000,,0.000000,,88.5,88.5,023,NN,NFM,25.00,,LPD-433 ch48 (license-free <=10mW)
64,LPD 49,434.275000,,0.000000,,88.5,88.5,023,NN,NFM,25.00,,LPD-433 ch49 (license-free <=10mW)
65,LPD 50,434.300000,,0.000000,,88.5,88.5,023,NN,NFM,25.00,,LPD-433 ch50 (license-free <=10mW)
66,LPD 51,434.325000,,0.000000,,88.5,88.5,023,NN,NFM,25.00,,LPD-433 ch51 (license-free <=10mW)
67,LPD 52,434.350000,,0.000000,,88.5,88.5,023,NN,NFM,25.00,,LPD-433 ch52 (license-free <=10mW)
68,LPD 53,434.375000,,0.000000,,88.5,88.5,023,NN,NFM,25.00,,LPD-433 ch53 (license-free <=10mW)
69,LPD 54,434.400000,,0.000000,,88.5,88.5,023,NN,NFM,25.00,,LPD-433 ch54 (license-free <=10mW)
70,LPD 55,434.425000,,0.000000,,88.5,88.5,023,NN,NFM,25.00,,LPD-433 ch55 (license-free <=10mW)
71,LPD 56,434.450000,,0.000000,,88.5,88.5,023,NN,NFM,25.00,,LPD-433 ch56 (license-free <=10mW)
72,LPD 57,434.475000,,0.000000,,88.5,88.5,023,NN,NFM,25.00,,LPD-433 ch57 (license-free <=10mW)
73,LPD 58,434.500000,,0.000000,,88.5,88.5,023,NN,NFM,25.00,,LPD-433 ch58 (license-free <=10mW)
74,LPD 59,434.525000,,0.000000,,88.5,88.5,023,NN,NFM,25.00,,LPD-433 ch59 (license-free <=10mW)
75,LPD 60,434.550000,,0.000000,,88.5,88.5,023,NN,NFM,25.00,,LPD-433 ch60 (license-free <=10mW)
76,LPD 61,434.575000,,0.000000,,88.5,88.5,023,NN,NFM,25.00,,LPD-433 ch61 (license-free <=10mW)
77,LPD 62,434.600000,,0.000000,,88.5,88.5,023,NN,NFM,25.00,,LPD-433 ch62 (license-free <=10mW)
78,LPD 63,434.625000,,0.000000,,88.5,88.5,023,NN,NFM,25.00,,LPD-433 ch63 (license-free <=10mW)
79,LPD 64,434.650000,,0.000000,,88.5,88.5,023,NN,NFM,25.00,,LPD-433 ch64 (license-free <=10mW)
80,LPD 65,434.675000,,0.000000,,88.5,88.5,023,NN,NFM,25.00,,LPD-433 ch65 (license-free <=10mW)
81,LPD 66,434.700000,,0.000000,,88.5,88.5,023,NN,NFM,25.00,,LPD-433 ch66 (license-free <=10mW)
82,LPD 67,434.725000,,0.000000,,88.5,88.5,023,NN,NFM,25.00,,LPD-433 ch67 (license-free <=10mW)
83,LPD 68,434.750000,,0.000000,,88.5,88.5,023,NN,NFM,25.00,,LPD-433 ch68 (license-free <=10mW)
84,LPD 69,434.775000,,0.000000,,88.5,88.5,023,NN,NFM,25.00,,LPD-433 ch69 (license-free <=10mW)
85,2M CALL,145.500000,,0.000000,,88.5,88.5,023,NN,FM,12.50,,2m FM calling
86,ISS VOICE,145.800000,,0.000000,,88.5,88.5,023,NN,FM,12.50,,ISS downlink / SSTV
87,ISS RPTR,437.800000,,0.000000,,88.5,88.5,023,NN,FM,12.50,,ISS FM repeater downlink
88,RZD,151.825000,,0.000000,,88.5,88.5,023,NN,FM,25.00,,RZD railway main channel
89,MARINE16,156.800000,,0.000000,,88.5,88.5,023,NN,FM,25.00,,Marine distress/calling ch16
90,MARINE06,156.300000,,0.000000,,88.5,88.5,023,NN,FM,25.00,,Marine ch6
91,MARINE12,156.600000,,0.000000,,88.5,88.5,023,NN,FM,25.00,,Marine ch12
92,NOAA19,137.100000,,0.000000,,88.5,88.5,023,NN,FM,25.00,,NOAA-19 wx sat (carrier only)
93,NOAA15,137.620000,,0.000000,,88.5,88.5,023,NN,FM,25.00,,NOAA-15 wx sat
94,SVO TWR,120.700000,,0.000000,,88.5,88.5,023,NN,AM,25.00,,Moscow airband AM (RX)
95,SVO TWR2,131.500000,,0.000000,,88.5,88.5,023,NN,AM,25.00,,Moscow airband AM (RX)
96,SVO GND,119.000000,,0.000000,,88.5,88.5,023,NN,AM,25.00,,Moscow airband AM (RX)
97,SVO GND2,121.800000,,0.000000,,88.5,88.5,023,NN,AM,25.00,,Moscow airband AM (RX)
98,SVO APP,121.900000,,0.000000,,88.5,88.5,023,NN,AM,25.00,,Moscow airband AM (RX)
99,SVO APP2,123.600000,,0.000000,,88.5,88.5,023,NN,AM,25.00,,Moscow airband AM (RX)
100,SVO ATIS,122.075000,,0.000000,,88.5,88.5,023,NN,AM,25.00,,Moscow airband AM (RX)
101,SVO ATIS2,125.125000,,0.000000,,88.5,88.5,023,NN,AM,25.00,,Moscow airband AM (RX)
102,SVO RAD,118.100000,,0.000000,,88.5,88.5,023,NN,AM,25.00,,Moscow airband AM (RX)
103,DME TWR,118.600000,,0.000000,,88.5,88.5,023,NN,AM,25.00,,Moscow airband AM (RX)
104,DME APP,120.600000,,0.000000,,88.5,88.5,023,NN,AM,25.00,,Moscow airband AM (RX)
105,DME ATIS,128.300000,,0.000000,,88.5,88.5,023,NN,AM,25.00,,Moscow airband AM (RX)
106,DME RAD,127.700000,,0.000000,,88.5,88.5,023,NN,AM,25.00,,Moscow airband AM (RX)
107,VKO TWR,118.300000,,0.000000,,88.5,88.5,023,NN,AM,25.00,,Moscow airband AM (RX)
108,VKO APP,122.300000,,0.000000,,88.5,88.5,023,NN,AM,25.00,,Moscow airband AM (RX)
109,VKO GND,120.450000,,0.000000,,88.5,88.5,023,NN,AM,25.00,,Moscow airband AM (RX)
110,VKO ATIS,125.875000,,0.000000,,88.5,88.5,023,NN,AM,25.00,,Moscow airband AM (RX)
111,AIR GUARD,121.500000,,0.000000,,88.5,88.5,023,NN,AM,25.00,,Moscow airband AM (RX)
